ApplicantIncome,CoapplicantIncome,LoanAmount,Loan_Amount_Term,Credit_History,Loan_Status,Debt_Income_Ratio,Total_Income,Gender_Male,Married_Yes,Dependents_1,Dependents_2,Dependents_3+,Education_Not Graduate,Self_Employed_Yes,Property_Area_Semiurban,Property_Area_Urban,Income_bin_Low,Income_bin_Medium
5849,0.0,128.0,360.0,1.0,1,0.02188034188034188,5849.0,1,0,0,0,0,0,0,0,1,0,1
4583,1508.0,128.0,360.0,1.0,0,0.021011162179908074,6091.0,1,1,1,0,0,0,0,0,0,0,1
3000,0.0,66.0,360.0,1.0,1,0.021992669110296566,3000.0,1,1,0,0,0,0,1,0,1,0,1
2583,2358.0,120.0,360.0,1.0,1,0.024281667341157425,4941.0,1,1,0,0,0,1,0,0,1,0,1
6000,0.0,141.0,360.0,1.0,1,0.023496083986002333,6000.0,1,0,0,0,0,0,0,0,1,0,1
5417,4196.0,267.0,360.0,1.0,1,0.027771999167880174,9613.0,1,1,0,1,0,0,1,0,1,0,1
2333,1516.0,95.0,360.0,1.0,1,0.024675324675324677,3849.0,1,1,0,0,0,1,0,0,1,1,0
3036,2504.0,158.0,360.0,0.0,0,0.02851470853636528,5540.0,1,1,0,0,1,0,0,1,0,0,1
4006,1526.0,168.0,360.0,1.0,1,0.030363274896078075,5532.0,1,1,0,1,0,0,0,0,1,0,1
12841,10968.0,349.0,360.0,1.0,0,0.014657706845863082,23809.0,1,1,1,0,0,0,0,1,0,0,0
3200,700.0,70.0,360.0,1.0,1,0.017944116893104333,3900.0,1,1,0,1,0,0,0,0,1,0,1
2500,1840.0,109.0,360.0,1.0,1,0.025109421792213777,4340.0,1,1,0,1,0,0,0,0,1,1,0
3073,8106.0,200.0,360.0,1.0,1,0.017889087656529516,11179.0,1,1,0,1,0,0,0,0,1,0,1
1853,2840.0,114.0,360.0,1.0,0,0.024286322965487855,4693.0,1,0,0,0,0,0,0,0,0,1,0
1299,1086.0,17.0,120.0,1.0,1,0.007124895222129086,2385.0,1,1,0,1,0,0,0,0,1,1,0
4950,0.0,125.0,360.0,1.0,1,0.025247424762674206,4950.0,1,0,0,0,0,0,0,0,1,0,1
3596,0.0,100.0,240.0,1.0,1,0.027800945232137893,3596.0,1,0,1,0,0,1,0,0,1,0,1
3510,0.0,76.0,360.0,0.0,0,0.02164625462831102,3510.0,0,0,0,0,0,0,0,0,1,0,1
4887,0.0,133.0,360.0,1.0,0,0.02720949263502455,4887.0,1,1,0,0,0,1,0,0,0,0,1
2600,3500.0,115.0,360.0,1.0,1,0.018849368955908868,6100.0,1,1,0,0,0,0,0,0,1,0,1
7660,0.0,104.0,360.0,0.0,0,0.013575251272679808,7660.0,1,1,0,0,0,1,0,0,1,0,0
5955,5625.0,315.0,360.0,1.0,1,0.027199723685346688,11580.0,1,1,1,0,0,0,0,0,1,0,1
2600,1911.0,116.0,360.0,0.0,0,0.025709219858156027,4511.0,1,1,0,0,0,1,0,1,0,0,1
3365,1917.0,112.0,360.0,0.0,0,0.021200075714556125,5282.0,1,1,0,1,0,1,0,0,0,0,1
3717,2925.0,151.0,360.0,1.0,0,0.022730693963570674,6642.0,1,1,1,0,0,0,0,1,0,0,1
9560,0.0,191.0,360.0,1.0,1,0.019976989854617717,9560.0,1,1,0,0,0,0,1,1,0,0,0
2799,2253.0,122.0,360.0,1.0,1,0.02414407282802296,5052.0,1,1,0,0,0,0,0,1,0,0,1
4226,1040.0,110.0,360.0,1.0,1,0.020884754129485476,5266.0,1,1,0,1,0,1,0,0,1,0,1
1442,0.0,35.0,360.0,1.0,0,0.024255024255024255,1442.0,1,0,0,0,0,1,0,0,1,1,0
3750,2083.0,120.0,360.0,1.0,1,0.02056907781967775,5833.0,0,0,0,1,0,0,0,1,0,0,1
4166,3369.0,201.0,360.0,1.0,0,0.026671974522292995,7535.0,1,1,1,0,0,0,0,0,1,0,1
3167,0.0,74.0,360.0,1.0,0,0.02335858585858586,3167.0,1,0,0,0,0,0,0,0,1,0,1
4692,0.0,106.0,360.0,1.0,0,0.02258683145109738,4692.0,1,0,1,0,0,0,1,0,0,0,1
3500,1667.0,114.0,360.0,1.0,1,0.022058823529411766,5167.0,1,1,0,0,0,0,0,1,0,0,1
12500,3000.0,320.0,360.0,1.0,0,0.02064382943035933,15500.0,1,0,0,0,1,0,0,0,0,0,0
2275,2067.0,128.0,360.0,1.0,1,0.029472714713331797,4342.0,1,1,0,0,0,0,0,0,1,1,0
1828,1330.0,100.0,360.0,0.0,0,0.03165558721114277,3158.0,1,1,0,0,0,0,0,0,1,1,0
3667,1459.0,144.0,360.0,1.0,1,0.028086600351082503,5126.0,0,1,0,0,0,0,0,1,0,0,1
4166,7210.0,184.0,360.0,1.0,1,0.016172980574843985,11376.0,1,0,0,0,0,0,0,0,1,0,1
3748,1668.0,110.0,360.0,1.0,1,0.020306442680450433,5416.0,1,0,0,0,0,1,0,1,0,0,1
3600,0.0,80.0,360.0,1.0,0,0.022216051096917523,3600.0,1,0,0,0,0,0,0,0,1,0,1
1800,1213.0,47.0,360.0,1.0,1,0.015593895155938951,3013.0,1,0,0,0,0,0,0,0,1,1,0
2400,0.0,75.0,360.0,1.0,1,0.03123698458975427,2400.0,1,1,0,0,0,0,0,0,1,1,0
3941,2336.0,134.0,360.0,1.0,1,0.021344377190187957,6277.0,1,1,0,0,0,0,0,1,0,0,1
4695,0.0,96.0,360.0,1.0,1,0.020442930153321975,4695.0,1,1,0,0,0,1,1,0,1,0,1
3410,0.0,88.0,360.0,1.0,1,0.0257988859571973,3410.0,0,0,0,0,0,0,0,0,1,0,1
5649,0.0,44.0,360.0,1.0,1,0.007787610619469027,5649.0,1,1,1,0,0,0,0,0,1,0,1
5821,0.0,144.0,360.0,1.0,1,0.024733768464445208,5821.0,1,1,0,0,0,0,0,0,1,0,1
2645,3440.0,120.0,360.0,0.0,0,0.019717384160368057,6085.0,0,1,0,0,0,0,0,0,1,0,1
4000,2275.0,144.0,360.0,1.0,1,0.022944550669216062,6275.0,0,0,0,0,0,0,0,1,0,0,1
1928,1644.0,100.0,360.0,1.0,1,0.027987685418415897,3572.0,0,1,0,0,0,1,0,1,0,1,0
3086,0.0,120.0,360.0,1.0,1,0.038872691933916424,3086.0,0,0,0,0,0,0,0,1,0,0,1
4230,0.0,112.0,360.0,1.0,0,0.02647128338454266,4230.0,0,0,0,0,0,0,0,1,0,0,1
4616,0.0,134.0,360.0,1.0,0,0.02902317522200563,4616.0,1,1,0,1,0,0,0,0,1,0,1
11500,0.0,286.0,360.0,0.0,0,0.024867402834536128,11500.0,0,1,1,0,0,0,1,0,1,0,0
2708,1167.0,97.0,360.0,1.0,1,0.02502579979360165,3875.0,1,1,0,1,0,0,0,1,0,0,1
2132,1591.0,96.0,360.0,1.0,1,0.02577873254564984,3723.0,1,1,0,0,0,0,0,1,0,1,0
3366,2200.0,135.0,360.0,1.0,0,0.02425004490749057,5566.0,1,1,0,0,0,0,0,0,0,0,1
8080,2250.0,180.0,360.0,1.0,1,0.017423289129803503,10330.0,1,1,1,0,0,0,0,0,1,0,0
3357,2859.0,144.0,360.0,1.0,1,0.023162296927778672,6216.0,1,1,0,1,0,1,0,0,1,0,1
2500,3796.0,120.0,360.0,1.0,1,0.019056693663649357,6296.0,1,1,0,0,0,0,0,0,1,1,0
3029,0.0,99.0,360.0,1.0,1,0.032673267326732675,3029.0,1,1,0,0,1,0,0,0,1,0,1
2609,3449.0,165.0,180.0,0.0,0,0.027232216537382406,6058.0,1,1,0,0,0,1,1,0,0,0,1
4945,0.0,128.0,360.0,0.0,0,0.02587949858471492,4945.0,1,1,1,0,0,0,0,0,0,0,1
4166,0.0,116.0,360.0,0.0,0,0.027837772978161746,4166.0,0,0,0,0,0,0,0,1,0,0,1
5726,4595.0,258.0,360.0,1.0,0,0.024995155977523737,10321.0,1,1,0,0,0,0,0,1,0,0,1
3200,2254.0,126.0,180.0,0.0,0,0.0230980751604033,5454.0,1,0,0,0,0,1,0,0,1,0,1
10750,0.0,312.0,360.0,1.0,1,0.02902055622732769,10750.0,1,1,1,0,0,0,0,0,1,0,0
7100,0.0,125.0,60.0,1.0,1,0.017603154485283764,7100.0,1,1,0,0,1,1,1,0,1,0,0
4300,0.0,136.0,360.0,0.0,0,0.03162055335968379,4300.0,0,0,0,0,0,0,0,1,0,0,1
3208,3066.0,172.0,360.0,1.0,1,0.02741035856573705,6274.0,1,1,0,0,0,0,0,0,1,0,1
1875,1875.0,97.0,360.0,1.0,1,0.025859770727805917,3750.0,1,1,0,1,0,1,1,1,0,1,0
3500,0.0,81.0,300.0,1.0,1,0.02313624678663239,3500.0,1,0,0,0,0,0,0,1,0,0,1
4755,0.0,95.0,360.0,0.0,0,0.019974768713204374,4755.0,1,1,0,0,1,1,0,1,0,0,1
5266,1774.0,187.0,360.0,1.0,1,0.02655872745348672,7040.0,1,1,0,0,1,0,1,1,0,0,1
3750,0.0,113.0,480.0,1.0,0,0.030125299920021328,3750.0,1,0,0,0,0,0,0,0,1,0,1
3750,4750.0,176.0,360.0,1.0,0,0.0207034466533349,8500.0,1,0,0,0,0,0,0,0,1,0,1
1000,3022.0,110.0,360.0,1.0,0,0.02734277902063137,4022.0,1,1,1,0,0,0,1,0,1,1,0
3167,4000.0,180.0,300.0,0.0,0,0.025111607142857144,7167.0,1,1,0,0,1,0,0,1,0,0,1
3333,2166.0,130.0,360.0,1.0,1,0.023636363636363636,5499.0,1,1,0,0,1,1,1,1,0,0,1
3846,0.0,111.0,360.0,1.0,1,0.028853652196516765,3846.0,0,0,0,0,0,0,0,1,0,0,1
2395,0.0,128.0,360.0,1.0,1,0.05342237061769616,2395.0,1,1,1,0,0,0,1,1,0,1,0
1378,1881.0,167.0,360.0,1.0,0,0.05122699386503068,3259.0,0,1,0,1,0,0,0,0,1,1,0
6000,2250.0,265.0,360.0,1.0,0,0.03211731911283481,8250.0,1,1,0,0,0,0,0,1,0,0,1
3988,0.0,50.0,240.0,1.0,1,0.012534469791927802,3988.0,1,1,1,0,0,0,0,0,1,0,1
2366,2531.0,136.0,360.0,1.0,1,0.027766435279706004,4897.0,1,0,0,0,0,0,0,1,0,1,0
3333,2000.0,99.0,360.0,1.0,1,0.01856017997750281,5333.0,1,1,0,1,0,1,0,1,0,0,1
2500,2118.0,104.0,360.0,1.0,1,0.022515696038103484,4618.0,1,1,0,0,0,0,0,1,0,1,0
8566,0.0,210.0,360.0,1.0,1,0.02451266487685304,8566.0,1,0,0,0,0,0,0,0,1,0,0
5695,4167.0,175.0,360.0,1.0,1,0.017743080198722498,9862.0,1,1,0,0,0,0,0,1,0,0,1
2958,2900.0,131.0,360.0,1.0,1,0.022358764294248164,5858.0,1,1,0,0,0,0,0,1,0,0,1
6250,5654.0,188.0,180.0,1.0,1,0.015791684166316673,11904.0,1,1,0,1,0,0,0,1,0,0,0
3273,1820.0,81.0,360.0,1.0,1,0.015901060070671377,5093.0,1,1,0,1,0,1,0,0,1,0,1
4133,0.0,122.0,360.0,1.0,1,0.029511369134010642,4133.0,1,0,0,0,0,0,0,1,0,0,1
3620,0.0,25.0,120.0,1.0,1,0.006904170118751726,3620.0,1,0,0,0,0,1,0,1,0,0,1
6782,0.0,128.0,360.0,1.0,0,0.018870706177207725,6782.0,1,0,0,0,0,0,0,0,1,0,0
2484,2302.0,137.0,360.0,1.0,1,0.028619176937539167,4786.0,0,1,0,0,0,0,0,1,0,1,0
1977,997.0,50.0,360.0,1.0,1,0.01680672268907563,2974.0,1,1,0,0,0,0,0,1,0,1,0
4188,0.0,115.0,180.0,1.0,1,0.027452852709477202,4188.0,1,1,0,0,0,1,0,1,0,0,1
1759,3541.0,131.0,360.0,1.0,1,0.024712318430484815,5300.0,1,1,0,0,0,0,0,1,0,1,0
4288,3263.0,133.0,180.0,1.0,1,0.017611228813559324,7551.0,1,1,0,1,0,1,0,0,1,0,1
4843,3806.0,151.0,360.0,1.0,1,0.017456647398843932,8649.0,1,0,0,0,0,0,0,1,0,0,1
13650,0.0,128.0,360.0,1.0,1,0.0093766024467072,13650.0,1,1,0,0,0,0,0,0,1,0,0
4652,3583.0,128.0,360.0,1.0,1,0.015541525012141816,8235.0,1,1,0,0,0,0,0,1,0,0,1
3816,754.0,160.0,360.0,1.0,1,0.03500328155764603,4570.0,1,1,0,0,0,0,0,0,1,0,1
3052,1030.0,100.0,360.0,1.0,1,0.02449179524859172,4082.0,1,1,1,0,0,0,0,0,1,0,1
11417,1126.0,225.0,360.0,1.0,1,0.01793686224489796,12543.0,1,1,0,1,0,0,0,0,1,0,0
7333,0.0,120.0,360.0,1.0,0,0.01636214889555495,7333.0,1,0,0,0,0,1,0,0,0,0,0
3800,3600.0,216.0,360.0,0.0,0,0.029185245237130116,7400.0,1,1,0,1,0,0,0,0,1,0,1
2071,754.0,94.0,480.0,1.0,1,0.03326256192498231,2825.0,1,1,0,0,1,1,0,1,0,1,0
5316,0.0,136.0,360.0,1.0,1,0.025578333646793305,5316.0,1,0,0,0,0,0,0,0,1,0,1
2929,2333.0,139.0,360.0,1.0,1,0.026410792323769715,5262.0,0,1,0,0,0,0,0,1,0,0,1
3572,4114.0,152.0,360.0,0.0,0,0.01977364381423182,7686.0,1,1,0,0,0,1,0,0,0,0,1
7451,0.0,128.0,360.0,1.0,1,0.017176596886741814,7451.0,0,0,1,0,0,0,1,1,0,0,0
5050,0.0,118.0,360.0,1.0,1,0.02336171055236587,5050.0,1,0,0,0,0,0,0,1,0,0,1
14583,0.0,185.0,180.0,1.0,1,0.012685134393856282,14583.0,1,1,1,0,0,0,0,0,0,0,0
3167,2283.0,154.0,360.0,1.0,1,0.028251696936341955,5450.0,0,1,0,0,0,0,0,1,0,0,1
2214,1398.0,85.0,360.0,1.0,1,0.023526155549404928,3612.0,1,1,1,0,0,0,0,0,1,1,0
5568,2142.0,175.0,360.0,1.0,0,0.022694851510828687,7710.0,1,1,0,0,0,0,0,0,0,0,1
10408,0.0,259.0,360.0,1.0,1,0.02488231338264963,10408.0,0,0,0,0,0,0,0,0,1,0,0
5667,2667.0,180.0,360.0,1.0,1,0.021595680863827234,8334.0,1,1,0,0,0,0,0,0,0,0,1
4166,0.0,44.0,360.0,1.0,1,0.010559155267578594,4166.0,0,0,0,0,0,0,0,1,0,0,1
2137,8980.0,137.0,360.0,0.0,1,0.012322360136715237,11117.0,0,0,0,0,0,0,0,1,0,1,0
2957,0.0,81.0,360.0,1.0,1,0.02738336713995943,2957.0,1,1,0,1,0,0,0,1,0,0,1
4300,2014.0,194.0,360.0,1.0,1,0.030720506730007917,6314.0,1,1,0,0,0,1,0,0,0,0,1
3692,0.0,93.0,360.0,1.0,1,0.025182778229082048,3692.0,0,0,0,0,0,0,0,0,0,0,1
23803,0.0,370.0,360.0,1.0,1,0.015543606116619056,23803.0,1,1,0,0,1,0,0,0,0,0,0
3865,1640.0,128.0,360.0,1.0,1,0.023247366509262624,5505.0,1,0,0,0,0,0,0,0,0,0,1
10513,3850.0,160.0,180.0,0.0,0,0.01113895850737956,14363.0,1,1,1,0,0,0,1,0,1,0,0
6080,2569.0,182.0,360.0,1.0,0,0.021040462427745665,8649.0,1,1,0,0,0,0,0,0,0,0,0
20166,0.0,650.0,480.0,1.0,1,0.03223087221698815,20166.0,1,0,0,0,0,0,1,0,1,0,0
2014,1929.0,74.0,360.0,1.0,1,0.018762677484787018,3943.0,1,0,0,0,0,0,0,0,1,1,0
2718,0.0,70.0,360.0,1.0,1,0.025744759102611255,2718.0,1,0,0,0,0,0,0,1,0,0,1
3459,0.0,25.0,120.0,1.0,1,0.0072254335260115606,3459.0,1,1,0,0,0,0,1,1,0,0,1
4895,0.0,102.0,360.0,1.0,1,0.020833333333333332,4895.0,1,0,0,0,0,0,0,1,0,0,1
4000,7750.0,290.0,360.0,1.0,0,0.024678750744617478,11750.0,1,1,0,0,1,0,0,1,0,0,1
4583,0.0,84.0,360.0,1.0,0,0.01832460732984293,4583.0,0,1,0,0,0,0,0,0,0,0,1
3316,3500.0,88.0,360.0,1.0,1,0.012908904210063077,6816.0,1,1,0,1,0,0,1,0,1,0,1
14999,0.0,242.0,360.0,0.0,0,0.016133333333333333,14999.0,1,0,0,0,0,0,0,1,0,0,0
4200,1430.0,129.0,360.0,1.0,0,0.02290889717634523,5630.0,1,1,0,1,0,1,0,0,0,0,1
5042,2083.0,185.0,360.0,1.0,0,0.02596126859388156,7125.0,1,1,0,1,0,0,0,0,0,0,1
5417,0.0,168.0,360.0,1.0,1,0.031007751937984496,5417.0,1,0,0,0,0,0,0,0,1,0,1
6950,0.0,175.0,180.0,1.0,1,0.025176233635448138,6950.0,1,0,0,0,0,0,1,1,0,0,0
2698,2034.0,122.0,360.0,1.0,1,0.025776463131206424,4732.0,1,1,0,0,0,0,0,1,0,0,1
11757,0.0,187.0,180.0,1.0,1,0.01590406531723082,11757.0,1,1,0,1,0,0,0,0,1,0,0
2330,4486.0,100.0,360.0,1.0,1,0.014669209329617133,6816.0,0,1,0,0,0,0,0,1,0,1,0
14866,0.0,70.0,360.0,1.0,1,0.004708414609537903,14866.0,0,1,0,1,0,0,0,0,1,0,0
1538,1425.0,30.0,360.0,1.0,1,0.010121457489878543,2963.0,1,1,1,0,0,0,0,0,1,1,0
10000,1666.0,225.0,360.0,1.0,0,0.019285163281049112,11666.0,0,0,0,0,0,0,0,0,0,0,0
4860,830.0,125.0,360.0,1.0,1,0.021964505359339307,5690.0,1,1,0,0,0,0,0,1,0,0,1
6277,0.0,118.0,360.0,0.0,0,0.01879579483912074,6277.0,1,0,0,0,0,0,0,0,0,0,0
2577,3750.0,152.0,360.0,1.0,1,0.02402022756005057,6327.0,1,1,0,0,0,0,1,0,0,0,1
9166,0.0,244.0,360.0,1.0,0,0.026617213919493836,9166.0,1,0,0,0,0,0,0,0,1,0,0
2281,0.0,113.0,360.0,1.0,0,0.04951796669588081,2281.0,1,1,0,1,0,1,0,0,0,1,0
3254,0.0,50.0,360.0,1.0,1,0.015360983102918587,3254.0,1,0,0,0,0,0,0,0,1,0,1
39999,0.0,600.0,180.0,0.0,1,0.015,39999.0,1,1,0,0,1,0,0,1,0,0,0
6000,0.0,160.0,360.0,1.0,1,0.026662222962839526,6000.0,1,1,1,0,0,0,0,0,0,0,1
9538,0.0,187.0,360.0,1.0,1,0.01960373204738442,9538.0,1,1,1,0,0,0,0,0,1,0,0
2980,2083.0,120.0,360.0,1.0,1,0.023696682464454975,5063.0,1,0,0,0,0,0,0,0,0,0,1
4583,5625.0,255.0,360.0,1.0,1,0.024977960622979724,10208.0,1,1,0,0,0,0,0,1,0,0,1
1863,1041.0,98.0,360.0,1.0,1,0.033734939759036145,2904.0,1,1,0,0,0,1,0,1,0,1,0
7933,0.0,275.0,360.0,1.0,0,0.034660952861104107,7933.0,1,1,0,0,0,0,0,0,1,0,0
3089,1280.0,121.0,360.0,0.0,0,0.02768878718535469,4369.0,1,1,1,0,0,0,0,1,0,0,1
4167,1447.0,158.0,360.0,1.0,1,0.028138913624220836,5614.0,1,1,0,1,0,0,0,0,0,0,1
9323,0.0,75.0,180.0,1.0,1,0.008043758043758044,9323.0,1,1,0,0,0,0,0,0,1,0,0
3707,3166.0,182.0,360.0,1.0,1,0.026476578411405296,6873.0,1,1,0,0,0,0,0,0,0,0,1
4583,0.0,112.0,360.0,1.0,0,0.02443280977312391,4583.0,0,1,0,0,0,0,0,0,0,0,1
2439,3333.0,129.0,360.0,1.0,1,0.022345401004676944,5772.0,1,1,0,0,0,0,0,0,0,1,0
2237,0.0,63.0,480.0,0.0,0,0.028150134048257374,2237.0,1,0,0,0,0,0,0,1,0,1,0
8000,0.0,200.0,360.0,1.0,1,0.024996875390576177,8000.0,1,1,0,1,0,0,0,1,0,0,0
1820,1769.0,95.0,360.0,1.0,1,0.026462395543175487,3589.0,1,1,0,0,0,1,0,0,0,1,0
51763,0.0,700.0,300.0,1.0,1,0.01352291167606831,51763.0,1,1,0,0,1,0,0,0,1,0,0
3522,0.0,81.0,180.0,1.0,0,0.022991768379222254,3522.0,1,1,0,0,1,1,0,0,0,0,1
5708,5625.0,187.0,360.0,1.0,1,0.016499029468854773,11333.0,1,1,0,0,0,0,0,1,0,0,1
4344,736.0,87.0,360.0,1.0,0,0.017122613658728598,5080.0,1,1,0,0,0,1,1,1,0,0,1
3497,1964.0,116.0,360.0,1.0,1,0.021237641889417794,5461.0,1,1,0,0,0,0,0,0,0,0,1
2045,1619.0,101.0,360.0,1.0,1,0.027557980900409278,3664.0,1,1,0,1,0,0,0,0,0,1,0
5516,11300.0,495.0,360.0,0.0,0,0.02943450080275911,16816.0,1,1,0,0,1,0,0,1,0,0,1
3750,0.0,116.0,360.0,1.0,1,0.030925086643561715,3750.0,1,1,1,0,0,0,0,1,0,0,1
2333,1451.0,102.0,480.0,0.0,0,0.026948480845442536,3784.0,1,0,0,0,0,1,0,0,1,1,0
6400,7250.0,180.0,360.0,0.0,0,0.013185847190682002,13650.0,1,1,1,0,0,0,0,0,1,0,0
1916,5063.0,67.0,360.0,1.0,0,0.009598853868194842,6979.0,1,0,0,0,0,0,0,0,0,1,0
4600,0.0,73.0,180.0,1.0,1,0.01586611606172571,4600.0,1,1,0,0,0,0,0,1,0,0,1
33846,0.0,260.0,360.0,1.0,0,0.0076816261411646524,33846.0,1,1,1,0,0,0,0,1,0,0,0
3625,0.0,108.0,360.0,1.0,1,0.02978488692774407,3625.0,0,1,0,0,0,0,0,1,0,0,1
39147,4750.0,120.0,360.0,1.0,1,0.0027336097316506447,43897.0,1,1,0,0,0,0,1,1,0,0,0
2178,0.0,66.0,300.0,0.0,0,0.030289123451124368,2178.0,1,1,1,0,0,0,1,0,0,1,0
2383,2138.0,58.0,360.0,1.0,1,0.012826183104820876,4521.0,1,1,0,0,0,0,0,0,0,1,0
674,5296.0,168.0,360.0,1.0,1,0.02813599062133646,5970.0,1,1,0,0,0,0,1,0,0,1,0
9328,0.0,188.0,180.0,1.0,1,0.020152213527709295,9328.0,1,1,0,0,0,0,0,0,0,0,0
4885,0.0,48.0,360.0,1.0,1,0.009823986901350798,4885.0,1,0,0,0,0,1,0,0,0,0,1
12000,0.0,164.0,360.0,1.0,0,0.013665527872677276,12000.0,1,0,0,0,0,0,0,1,0,0,0
6033,0.0,160.0,360.0,1.0,0,0.026516407026847863,6033.0,1,1,0,0,0,1,0,0,1,0,0
3858,0.0,76.0,360.0,1.0,1,0.019694221300855144,3858.0,1,0,0,0,0,0,0,1,0,0,1
4191,0.0,120.0,360.0,1.0,1,0.02862595419847328,4191.0,1,0,0,0,0,0,0,0,0,0,1
3125,2583.0,170.0,360.0,1.0,0,0.02977754422841128,5708.0,1,1,1,0,0,0,0,1,0,0,1
8333,3750.0,187.0,360.0,1.0,1,0.015475008275405495,12083.0,1,0,0,0,0,0,0,0,0,0,0
1907,2365.0,120.0,360.0,1.0,1,0.02808331383103206,4272.0,0,0,0,0,0,1,0,0,1,1,0
3416,2816.0,113.0,360.0,1.0,1,0.01812931172789989,6232.0,0,1,0,0,0,0,0,1,0,0,1
11000,0.0,83.0,360.0,1.0,0,0.007544768657394782,11000.0,1,0,0,0,0,0,1,0,1,0,0
2600,2500.0,90.0,360.0,1.0,1,0.01764359929425603,5100.0,1,1,1,0,0,1,0,1,0,0,1
4923,0.0,166.0,360.0,0.0,1,0.033712428919577576,4923.0,1,0,0,1,0,0,0,1,0,0,1
3992,0.0,128.0,180.0,1.0,0,0.03205609817180065,3992.0,1,1,0,0,1,1,0,0,1,0,1
3500,1083.0,135.0,360.0,1.0,1,0.029450261780104712,4583.0,1,1,1,0,0,1,0,0,1,0,1
3917,0.0,124.0,360.0,1.0,1,0.03164880040837162,3917.0,1,1,0,1,0,1,0,1,0,0,1
4408,0.0,120.0,360.0,1.0,1,0.027217056021773645,4408.0,0,0,0,0,0,1,0,1,0,0,1
3244,0.0,80.0,360.0,1.0,1,0.02465331278890601,3244.0,0,0,0,0,0,0,0,0,1,0,1
3975,2531.0,55.0,360.0,1.0,1,0.008452435838327955,6506.0,1,0,0,0,0,1,0,0,0,0,1
2479,0.0,59.0,360.0,1.0,1,0.02379032258064516,2479.0,1,0,0,0,0,0,0,0,1,1,0
3418,0.0,127.0,360.0,1.0,0,0.03714536414156186,3418.0,1,0,0,0,0,0,0,1,0,0,1
10000,0.0,214.0,360.0,1.0,0,0.021397860213978603,10000.0,0,0,0,0,0,0,0,1,0,0,0
3430,1250.0,128.0,360.0,0.0,0,0.027344584490493484,4680.0,1,1,0,0,1,0,0,1,0,0,1
7787,0.0,240.0,360.0,1.0,1,0.030816640986132512,7787.0,1,1,1,0,0,0,1,0,1,0,0
5703,0.0,130.0,360.0,1.0,1,0.02279102384291725,5703.0,1,1,0,0,1,1,1,0,0,0,1
3173,3021.0,137.0,360.0,1.0,1,0.022114608555286523,6194.0,1,1,0,0,0,0,0,0,1,0,1
3850,983.0,100.0,360.0,1.0,1,0.02068680182043856,4833.0,1,1,0,0,1,1,0,1,0,0,1
150,1800.0,135.0,360.0,1.0,0,0.06919528446950282,1950.0,1,1,0,0,0,0,0,0,0,1,0
3727,1775.0,131.0,360.0,1.0,1,0.023805197165182628,5502.0,1,1,0,0,0,0,0,1,0,0,1
5000,0.0,72.0,360.0,0.0,0,0.014397120575884824,5000.0,1,1,0,1,0,0,0,1,0,0,1
4283,2383.0,127.0,360.0,1.0,1,0.01904904754762262,6666.0,0,1,0,1,0,0,0,1,0,0,1
2221,0.0,60.0,360.0,0.0,0,0.027002700270027002,2221.0,1,1,0,0,0,0,0,0,1,1,0
4009,1717.0,116.0,360.0,1.0,1,0.020254932774576566,5726.0,1,1,0,1,0,0,0,1,0,0,1
2971,2791.0,144.0,360.0,1.0,1,0.024986985944820406,5762.0,1,0,0,0,0,0,0,1,0,0,1
7578,1010.0,175.0,360.0,1.0,1,0.020374898125509373,8588.0,1,1,0,0,0,0,0,1,0,0,0
6250,0.0,128.0,360.0,1.0,1,0.020476723724204126,6250.0,1,1,0,0,0,0,0,1,0,0,0
3250,0.0,170.0,360.0,1.0,0,0.05229160258382036,3250.0,1,1,0,0,0,0,0,0,0,0,1
4735,0.0,138.0,360.0,1.0,0,0.029138513513513514,4735.0,1,1,0,0,0,1,1,0,1,0,1
6250,1695.0,210.0,360.0,1.0,1,0.02642839164359426,7945.0,1,1,0,1,0,0,0,1,0,0,0
4758,0.0,158.0,480.0,1.0,1,0.03320025215381383,4758.0,1,1,0,0,0,0,0,1,0,0,1
6400,0.0,200.0,360.0,1.0,1,0.031245117950320263,6400.0,1,0,0,0,0,0,1,0,0,0,0
2491,2054.0,104.0,360.0,1.0,1,0.02287725472943247,4545.0,1,1,1,0,0,0,0,1,0,1,0
3716,0.0,42.0,180.0,1.0,1,0.011299435028248588,3716.0,1,1,0,0,0,0,0,0,0,0,1
3189,2598.0,120.0,360.0,1.0,1,0.02073255010366275,5787.0,1,0,0,0,0,1,0,0,0,0,1
8333,0.0,280.0,360.0,1.0,1,0.033597312215022795,8333.0,0,0,0,0,0,0,0,1,0,0,0
3155,1779.0,140.0,360.0,1.0,1,0.028368794326241134,4934.0,1,1,1,0,0,0,0,1,0,0,1
5500,1260.0,170.0,360.0,1.0,1,0.025144209436473896,6760.0,1,1,1,0,0,0,0,0,0,0,1
5746,0.0,255.0,360.0,1.0,0,0.044370976161475555,5746.0,1,1,0,0,0,0,0,0,1,0,1
3463,0.0,122.0,360.0,1.0,1,0.03521939953810624,3463.0,0,0,0,0,0,0,1,0,1,0,1
3812,0.0,112.0,360.0,1.0,1,0.02937319695777603,3812.0,0,0,1,0,0,0,0,0,0,0,1
3315,0.0,96.0,360.0,1.0,1,0.028950542822677925,3315.0,1,1,1,0,0,0,0,1,0,0,1
5819,5000.0,120.0,360.0,1.0,1,0.011090573012939002,10819.0,1,1,0,1,0,0,0,0,0,0,1
2510,1983.0,140.0,180.0,1.0,0,0.03115264797507788,4493.0,1,1,1,0,0,1,0,0,1,0,1
2965,5701.0,155.0,60.0,1.0,1,0.017883927541248415,8666.0,1,0,0,0,0,0,0,0,1,0,1
6250,1300.0,108.0,360.0,1.0,1,0.014302741358760428,7550.0,1,1,0,1,0,0,1,0,0,0,0
3406,4417.0,123.0,360.0,1.0,1,0.01572085889570552,7823.0,1,1,0,0,0,1,0,1,0,0,1
6050,4333.0,120.0,180.0,1.0,0,0.011556240369799691,10383.0,1,0,0,0,0,0,1,0,1,0,0
9703,0.0,112.0,360.0,1.0,1,0.011541632316570486,9703.0,1,1,0,1,0,0,0,0,1,0,0
6608,0.0,137.0,180.0,1.0,1,0.02072930851868664,6608.0,1,1,1,0,0,1,0,0,1,0,0
2882,1843.0,123.0,480.0,1.0,1,0.026026237833262803,4725.0,1,1,1,0,0,0,0,1,0,0,1
1809,1868.0,90.0,360.0,1.0,1,0.024469820554649267,3677.0,1,1,0,0,0,0,0,0,1,1,0
1668,3890.0,201.0,360.0,0.0,0,0.03615758229897464,5558.0,1,1,0,0,0,1,0,1,0,1,0
3427,0.0,138.0,360.0,1.0,0,0.040256709451575265,3427.0,0,0,0,1,0,0,0,0,1,0,1
2583,2167.0,104.0,360.0,1.0,1,0.02189012839402231,4750.0,1,0,0,0,0,1,1,0,0,0,1
2661,7101.0,279.0,180.0,1.0,1,0.0285772815732869,9762.0,1,1,1,0,0,1,0,1,0,0,1
16250,0.0,192.0,360.0,0.0,0,0.011814657559534798,16250.0,1,0,0,0,0,0,1,0,1,0,0
3083,0.0,255.0,360.0,1.0,1,0.08268482490272373,3083.0,0,0,0,0,1,0,0,0,0,0,1
6045,0.0,115.0,360.0,0.0,0,0.01902084022494211,6045.0,1,0,0,0,0,1,0,0,0,0,0
5250,0.0,94.0,360.0,1.0,0,0.017901352123405066,5250.0,1,1,0,0,1,0,0,0,1,0,1
14683,2100.0,304.0,360.0,1.0,0,0.01811248808388942,16783.0,1,1,0,0,0,0,0,0,0,0,0
4931,0.0,128.0,360.0,1.0,0,0.025952960259529603,4931.0,1,1,0,0,1,1,0,1,0,0,1
6083,4250.0,330.0,360.0,1.0,1,0.03193342365008709,10333.0,1,1,1,0,0,0,0,0,1,0,0
2060,2209.0,134.0,360.0,1.0,1,0.03138173302107728,4269.0,1,0,0,0,0,0,0,1,0,1,0
3481,0.0,155.0,36.0,1.0,0,0.04451464675473866,3481.0,0,0,1,0,0,0,0,1,0,0,1
7200,0.0,120.0,360.0,1.0,1,0.016664352173309263,7200.0,0,0,0,0,0,0,0,0,0,0,0
5166,0.0,128.0,360.0,1.0,1,0.0247725953164312,5166.0,1,0,0,0,0,0,1,1,0,0,1
4095,3447.0,151.0,360.0,1.0,1,0.020018560254540633,7542.0,1,0,0,0,0,0,0,0,0,0,1
4708,1387.0,150.0,360.0,1.0,1,0.024606299212598427,6095.0,1,1,0,1,0,0,0,1,0,0,1
4333,1811.0,160.0,360.0,0.0,1,0.026037428803905614,6144.0,1,1,0,0,1,0,0,0,1,0,1
3418,0.0,135.0,360.0,1.0,0,0.03948522959929804,3418.0,0,0,0,0,0,0,0,0,0,0,1
2876,1560.0,90.0,360.0,1.0,1,0.02028397565922921,4436.0,0,0,1,0,0,0,0,0,1,0,1
3237,0.0,30.0,360.0,1.0,1,0.00926497838171711,3237.0,0,0,0,0,0,0,0,0,1,0,1
11146,0.0,136.0,360.0,1.0,1,0.01220059208755719,11146.0,1,1,0,0,0,0,0,0,1,0,0
2833,1857.0,126.0,360.0,1.0,1,0.026859944574717545,4690.0,1,0,0,0,0,0,0,0,0,0,1
2620,2223.0,150.0,360.0,1.0,1,0.030966143682906688,4843.0,1,1,0,0,0,0,0,1,0,0,1
3900,0.0,90.0,360.0,1.0,1,0.023071007433991285,3900.0,1,1,0,1,0,0,0,1,0,0,1
2750,1842.0,115.0,360.0,1.0,1,0.025038101458741562,4592.0,1,1,1,0,0,0,0,1,0,0,1
3993,3274.0,207.0,360.0,1.0,1,0.028481012658227847,7267.0,1,1,0,0,0,0,0,1,0,0,1
3103,1300.0,80.0,360.0,1.0,1,0.018165304268846504,4403.0,1,1,0,0,0,0,0,0,1,0,1
14583,0.0,436.0,360.0,1.0,1,0.029895776193088315,14583.0,1,1,0,0,0,0,0,1,0,0,0
4100,0.0,124.0,360.0,1.0,1,0.03023652767617654,4100.0,0,1,0,0,0,1,0,0,0,0,1
4053,2426.0,158.0,360.0,0.0,0,0.024382716049382715,6479.0,1,0,1,0,0,1,1,0,1,0,1
3927,800.0,112.0,360.0,1.0,1,0.023688663282571912,4727.0,1,1,0,0,0,0,0,1,0,0,1
2301,985.7999878,78.0,180.0,1.0,1,0.023724070895259342,3286.7999878,1,1,0,1,0,0,0,0,1,1,0
1811,1666.0,54.0,360.0,1.0,1,0.015526164462334674,3477.0,0,0,0,0,0,0,0,0,1,1,0
20667,0.0,128.0,360.0,1.0,0,0.0061931488291078,20667.0,1,1,0,0,0,0,0,0,0,0,0
3158,3053.0,89.0,360.0,1.0,1,0.014327108821635544,6211.0,1,0,0,0,0,0,0,0,0,0,1
2600,1717.0,99.0,300.0,1.0,0,0.022927281148679944,4317.0,0,0,0,0,0,0,1,1,0,0,1
3704,2000.0,120.0,360.0,1.0,1,0.021034180543382998,5704.0,1,1,0,0,0,0,0,0,0,0,1
4124,0.0,115.0,360.0,1.0,1,0.027878787878787878,4124.0,0,0,0,0,0,0,0,1,0,0,1
9508,0.0,187.0,360.0,1.0,1,0.019665579976864023,9508.0,1,0,0,0,0,0,0,0,0,0,0
3075,2416.0,139.0,360.0,1.0,1,0.02530954115076475,5491.0,1,1,0,0,0,0,0,0,0,0,1
4400,0.0,127.0,360.0,0.0,0,0.028857077936832537,4400.0,1,1,0,1,0,0,0,1,0,0,1
3153,1560.0,134.0,360.0,1.0,1,0.028425965210012727,4713.0,1,1,0,1,0,0,0,0,1,0,1
5417,0.0,143.0,480.0,0.0,0,0.026393503137689185,5417.0,0,0,0,0,0,0,0,0,1,0,1
2383,3334.0,172.0,360.0,1.0,1,0.030080447708989155,5717.0,1,1,0,0,0,0,0,1,0,1,0
4416,1250.0,110.0,360.0,1.0,1,0.019410622904535026,5666.0,1,1,0,0,1,0,0,0,1,0,1
6875,0.0,200.0,360.0,1.0,1,0.029086678301337987,6875.0,1,1,1,0,0,0,0,1,0,0,0
4666,0.0,135.0,360.0,1.0,1,0.028926505249625027,4666.0,0,1,1,0,0,0,0,0,1,0,1
5000,2541.0,151.0,480.0,1.0,0,0.02002121453195439,7541.0,0,0,0,0,0,0,0,0,0,0,1
2014,2925.0,113.0,360.0,1.0,0,0.022874493927125508,4939.0,1,1,1,0,0,0,0,0,1,1,0
1800,2934.0,93.0,360.0,0.0,0,0.019640971488912355,4734.0,1,1,0,0,0,1,0,0,1,1,0
2875,1750.0,105.0,360.0,1.0,1,0.022697795071335927,4625.0,1,1,0,0,0,1,0,1,0,0,1
5000,0.0,132.0,360.0,1.0,1,0.026394721055788842,5000.0,0,0,0,0,0,0,0,0,0,0,1
1625,1803.0,96.0,360.0,1.0,1,0.02799650043744532,3428.0,1,1,1,0,0,0,0,0,1,1,0
4000,2500.0,140.0,360.0,1.0,1,0.02153514843870174,6500.0,1,0,0,0,0,0,0,0,0,0,1
2000,0.0,128.0,360.0,1.0,0,0.063968015992004,2000.0,1,0,0,0,0,1,0,0,1,1,0
3762,1666.0,135.0,360.0,1.0,1,0.024866457911217537,5428.0,0,0,0,0,0,0,0,0,0,0,1
2400,1863.0,104.0,360.0,0.0,0,0.024390243902439025,4263.0,0,0,0,0,0,0,0,0,1,1,0
20233,0.0,480.0,360.0,1.0,0,0.023722447365819906,20233.0,1,0,0,0,0,0,0,0,0,0,0
7667,0.0,185.0,360.0,1.0,1,0.02412623891497131,7667.0,1,1,0,1,0,1,0,0,0,0,0
2917,0.0,84.0,360.0,1.0,1,0.02878684030157642,2917.0,0,0,0,0,0,0,0,1,0,0,1
2927,2405.0,111.0,360.0,1.0,1,0.02081380086255391,5332.0,1,0,0,0,0,1,0,1,0,0,1
2507,0.0,56.0,360.0,1.0,1,0.022328548644338118,2507.0,0,0,0,0,0,0,0,0,0,0,1
5746,0.0,144.0,84.0,1.0,1,0.02505655124412737,5746.0,1,1,0,1,0,0,1,0,0,0,1
2473,1843.0,159.0,360.0,1.0,0,0.03683113273106324,4316.0,1,1,0,0,0,0,0,0,0,1,0
3399,1640.0,111.0,180.0,1.0,1,0.022023809523809525,5039.0,1,1,1,0,0,1,0,0,1,0,1
3717,0.0,120.0,360.0,1.0,1,0.0322754168908015,3717.0,1,1,0,1,0,0,0,1,0,0,1
2058,2134.0,88.0,360.0,1.0,1,0.020987359885523492,4192.0,1,1,0,0,0,0,0,0,1,1,0
3541,0.0,112.0,360.0,1.0,1,0.03162055335968379,3541.0,0,0,1,0,0,0,0,1,0,0,1
10000,0.0,155.0,360.0,1.0,0,0.015498450154984501,10000.0,1,1,1,0,0,0,1,0,0,0,0
2400,2167.0,115.0,360.0,1.0,1,0.025175131348511383,4567.0,1,1,0,0,0,0,0,1,0,1,0
4342,189.0,124.0,360.0,1.0,1,0.02736098852603707,4531.0,1,1,0,0,1,0,0,1,0,0,1
3601,1590.0,128.0,360.0,1.0,1,0.02465331278890601,5191.0,1,1,0,1,0,1,0,0,0,0,1
3166,2985.0,132.0,360.0,1.0,1,0.021456436931079324,6151.0,0,0,0,0,0,0,0,0,0,0,1
15000,0.0,300.0,360.0,1.0,1,0.01999866675554963,15000.0,1,1,0,0,1,0,0,0,0,0,0
8666,4983.0,376.0,360.0,0.0,0,0.027545787545787546,13649.0,1,1,1,0,0,0,1,0,0,0,0
4917,0.0,130.0,360.0,0.0,1,0.026433509556730378,4917.0,1,0,0,0,0,0,0,0,0,0,1
5818,2160.0,184.0,360.0,1.0,1,0.023060533901491414,7978.0,1,1,0,0,0,0,1,1,0,0,1
4333,2451.0,110.0,360.0,1.0,0,0.016212232866617538,6784.0,0,1,0,0,0,0,0,0,1,0,1
2500,0.0,67.0,360.0,1.0,1,0.026789284286285485,2500.0,0,0,0,0,0,0,0,0,1,1,0
4384,1793.0,117.0,360.0,1.0,1,0.018938167691809647,6177.0,1,0,1,0,0,0,0,0,1,0,1
2935,0.0,98.0,360.0,1.0,1,0.03337874659400545,2935.0,1,0,0,0,0,0,0,1,0,0,1
2833,0.0,71.0,360.0,1.0,1,0.025052928722653495,2833.0,1,0,0,0,0,0,0,0,1,0,1
63337,0.0,490.0,180.0,1.0,1,0.007736272064163693,63337.0,1,1,0,0,0,0,0,0,1,0,0
9833,1833.0,182.0,180.0,1.0,1,0.015599554298448616,11666.0,1,1,1,0,0,0,1,0,1,0,0
5503,4490.0,70.0,360.0,1.0,1,0.007004202521512908,9993.0,1,1,0,0,0,0,1,1,0,0,1
5250,688.0,160.0,360.0,1.0,1,0.02694056238423977,5938.0,1,1,1,0,0,0,0,0,0,0,1
2500,4600.0,176.0,360.0,1.0,1,0.024785241515279537,7100.0,1,1,0,1,0,0,1,0,0,1,0
1830,0.0,128.0,360.0,0.0,0,0.06990715456034953,1830.0,0,0,0,0,1,1,0,0,1,1,0
4160,0.0,71.0,360.0,1.0,1,0.017063205960105743,4160.0,0,0,0,0,0,0,0,1,0,0,1
2647,1587.0,173.0,360.0,1.0,0,0.04085005903187721,4234.0,1,1,0,0,1,1,0,0,0,0,1
2378,0.0,46.0,360.0,1.0,0,0.019335855401429174,2378.0,0,0,0,0,0,0,0,0,0,1,0
4554,1229.0,158.0,360.0,1.0,1,0.02731673582295989,5783.0,1,1,1,0,0,1,0,0,1,0,1
3173,0.0,74.0,360.0,1.0,1,0.023314429741650915,3173.0,1,1,0,0,1,1,0,1,0,0,1
2583,2330.0,125.0,360.0,1.0,1,0.02543752543752544,4913.0,1,1,0,1,0,0,0,0,0,0,1
2499,2458.0,160.0,360.0,1.0,1,0.03227107704719645,4957.0,1,1,0,0,0,0,0,1,0,1,0
3523,3230.0,152.0,360.0,0.0,0,0.022505182114302635,6753.0,1,1,0,0,0,1,0,0,0,0,1
3083,2168.0,126.0,360.0,1.0,1,0.02399086062452399,5251.0,1,1,0,1,0,1,0,0,1,0,1
6333,4583.0,259.0,360.0,1.0,1,0.023724466428506,10916.0,1,1,0,0,0,0,0,1,0,0,0
2625,6250.0,187.0,360.0,1.0,1,0.02106804867057233,8875.0,1,1,0,0,0,0,0,0,0,0,1
9083,0.0,228.0,360.0,1.0,1,0.02509907529722589,9083.0,1,1,0,0,0,0,0,1,0,0,0
8750,4167.0,308.0,360.0,1.0,0,0.02384270010837591,12917.0,1,0,0,0,0,0,0,0,0,0,0
2666,2083.0,95.0,360.0,1.0,1,0.02,4749.0,1,1,0,0,1,0,0,0,0,0,1
5500,0.0,105.0,360.0,0.0,0,0.019087438647518634,5500.0,0,1,0,0,0,0,1,0,0,0,1
2423,505.0,130.0,360.0,1.0,1,0.04438374871969956,2928.0,0,1,0,0,0,0,0,1,0,1,0
3813,0.0,116.0,180.0,1.0,1,0.030414263240692185,3813.0,0,0,0,0,0,0,0,0,1,0,1
8333,3167.0,165.0,360.0,1.0,1,0.014346578558386227,11500.0,1,1,0,1,0,0,0,0,0,0,0
3875,0.0,67.0,360.0,1.0,0,0.017285861713106296,3875.0,1,1,1,0,0,0,0,0,1,0,1
3000,1666.0,100.0,480.0,0.0,0,0.021427040925648167,4666.0,1,1,0,0,0,1,0,0,1,0,1
5167,3167.0,200.0,360.0,1.0,1,0.02399520095980804,8334.0,1,1,0,0,1,0,0,1,0,0,1
4723,0.0,81.0,360.0,1.0,0,0.01714648602878916,4723.0,0,0,1,0,0,0,0,1,0,0,1
5000,3667.0,236.0,360.0,1.0,1,0.02722658052607291,8667.0,1,1,0,1,0,0,0,1,0,0,1
4750,2333.0,130.0,360.0,1.0,1,0.018351214003387916,7083.0,1,1,0,0,0,0,0,0,1,0,1
3013,3033.0,95.0,300.0,1.0,1,0.015710269555151316,6046.0,1,1,0,0,0,0,0,0,1,0,1
6822,0.0,141.0,360.0,1.0,1,0.020665396453173092,6822.0,1,0,0,0,0,0,1,0,0,0,0
6216,0.0,133.0,360.0,1.0,0,0.021392954801351134,6216.0,1,0,0,0,0,1,0,0,0,0,0
2500,0.0,96.0,480.0,1.0,0,0.03838464614154338,2500.0,1,0,0,0,0,0,0,1,0,1,0
5124,0.0,124.0,360.0,0.0,0,0.024195121951219513,5124.0,1,0,0,0,0,0,0,0,0,0,1
6325,0.0,175.0,360.0,1.0,1,0.027663610496364212,6325.0,1,1,1,0,0,0,0,1,0,0,0
19730,5266.0,570.0,360.0,1.0,0,0.022802736328359403,24996.0,1,1,0,0,0,0,0,0,0,0,0
15759,0.0,55.0,360.0,1.0,1,0.0034898477157360407,15759.0,0,0,0,0,0,0,1,1,0,0,0
5185,0.0,155.0,360.0,1.0,1,0.029888160431932126,5185.0,1,1,0,1,0,0,0,1,0,0,1
9323,7873.0,380.0,300.0,1.0,1,0.02209687736233064,17196.0,1,1,0,1,0,0,1,0,0,0,0
3062,1987.0,111.0,180.0,0.0,0,0.02198019801980198,5049.0,1,0,1,0,0,0,0,0,1,0,1
2764,1459.0,110.0,360.0,1.0,1,0.026041666666666668,4223.0,0,0,0,0,0,0,0,0,1,0,1
4817,923.0,120.0,180.0,1.0,1,0.020902281832433374,5740.0,1,1,0,0,0,0,0,0,1,0,1
8750,4996.0,130.0,360.0,1.0,1,0.009456608714628646,13746.0,1,1,0,0,1,0,0,0,0,0,0
4310,0.0,130.0,360.0,1.0,1,0.03015541637671074,4310.0,1,1,0,0,0,0,0,1,0,0,1
3069,0.0,71.0,480.0,1.0,0,0.023127035830618894,3069.0,1,0,0,0,0,0,0,0,1,0,1
5391,0.0,130.0,360.0,1.0,1,0.02410979228486647,5391.0,1,1,0,1,0,0,0,0,1,0,1
3333,2500.0,128.0,360.0,1.0,1,0.021940349674322936,5833.0,1,1,0,0,0,0,0,1,0,0,1
5941,4232.0,296.0,360.0,1.0,1,0.029093768429329665,10173.0,1,0,0,0,0,0,0,1,0,0,1
6000,0.0,156.0,360.0,1.0,1,0.02599566738876854,6000.0,0,0,0,0,0,0,0,0,1,0,1
7167,0.0,128.0,360.0,1.0,1,0.017857142857142856,7167.0,1,0,0,0,0,0,1,0,1,0,0
4566,0.0,100.0,360.0,1.0,0,0.02189621195533173,4566.0,1,1,0,1,0,0,0,0,1,0,1
3667,0.0,113.0,180.0,1.0,1,0.030806979280261722,3667.0,1,0,1,0,0,0,0,0,1,0,1
2346,1600.0,132.0,360.0,1.0,1,0.03344312135799341,3946.0,1,0,0,0,0,1,0,1,0,1,0
3010,3136.0,128.0,360.0,0.0,0,0.020823165771921264,6146.0,1,1,0,0,0,1,0,0,1,0,1
2333,2417.0,136.0,360.0,1.0,1,0.028625552515259944,4750.0,1,1,0,0,0,0,0,0,1,1,0
5488,0.0,125.0,360.0,1.0,1,0.02277281836400073,5488.0,1,1,0,0,0,0,0,0,0,0,1
9167,0.0,185.0,360.0,1.0,1,0.02017888307155323,9167.0,1,0,0,0,1,0,0,0,0,0,0
9504,0.0,275.0,360.0,1.0,1,0.028932140978432403,9504.0,1,1,0,0,1,0,0,0,0,0,0
2583,2115.0,120.0,360.0,1.0,1,0.02553734837199404,4698.0,1,1,0,0,0,0,0,0,1,0,1
1993,1625.0,113.0,180.0,1.0,1,0.031224095053882288,3618.0,1,1,0,1,0,1,0,1,0,1,0
3100,1400.0,113.0,360.0,1.0,1,0.025105532103976893,4500.0,1,1,0,1,0,0,0,0,1,0,1
3276,484.0,135.0,360.0,1.0,1,0.035894708854028186,3760.0,1,1,0,1,0,0,0,1,0,0,1
3180,0.0,71.0,360.0,0.0,0,0.022320025149324112,3180.0,0,0,0,0,0,0,0,0,1,0,1
3033,1459.0,95.0,360.0,1.0,1,0.021144001780547518,4492.0,1,1,0,0,0,0,0,0,1,0,1
3902,1666.0,109.0,360.0,1.0,1,0.019572634225175075,5568.0,1,0,0,0,0,1,0,0,0,0,1
1500,1800.0,103.0,360.0,0.0,0,0.031202665858830657,3300.0,0,0,0,0,0,0,0,1,0,1,0
2889,0.0,45.0,180.0,0.0,0,0.015570934256055362,2889.0,1,1,0,1,0,1,0,0,1,0,1
2755,0.0,65.0,300.0,1.0,0,0.02358490566037736,2755.0,1,0,0,0,0,1,0,0,0,0,1
2500,20000.0,103.0,360.0,1.0,1,0.004577574330029776,22500.0,1,0,0,0,0,0,0,1,0,1,0
1963,0.0,53.0,360.0,1.0,1,0.0269857433808554,1963.0,0,0,0,0,0,1,0,1,0,1,0
7441,0.0,194.0,360.0,1.0,0,0.026068261220102123,7441.0,0,0,0,0,0,0,1,0,0,0,0
4547,0.0,115.0,360.0,1.0,1,0.0252858399296394,4547.0,0,0,0,0,0,0,0,1,0,0,1
2167,2400.0,115.0,360.0,1.0,1,0.025175131348511383,4567.0,1,1,0,0,0,1,0,0,1,1,0
2213,0.0,66.0,360.0,1.0,1,0.02981029810298103,2213.0,0,0,0,0,0,1,0,0,0,1,0
8300,0.0,152.0,300.0,0.0,0,0.018311046861823877,8300.0,1,1,1,0,0,0,0,1,0,0,0
81000,0.0,360.0,360.0,0.0,0,0.00444438957543734,81000.0,1,1,0,0,1,0,0,0,0,0,0
3867,0.0,62.0,360.0,1.0,0,0.016028955532574975,3867.0,0,0,1,0,0,1,1,1,0,0,1
6256,0.0,160.0,360.0,1.0,1,0.02557136007671408,6256.0,1,1,0,0,0,0,0,0,1,0,0
6096,0.0,218.0,360.0,0.0,0,0.03575528948663277,6096.0,1,1,0,0,0,1,0,0,0,0,0
2253,2033.0,110.0,360.0,1.0,1,0.025658968975973875,4286.0,1,1,0,0,0,1,0,0,0,1,0
2149,3237.0,178.0,360.0,0.0,0,0.033042509745684054,5386.0,0,1,0,0,0,1,0,1,0,1,0
2995,0.0,60.0,360.0,1.0,1,0.020026702269692925,2995.0,0,0,0,0,0,0,0,0,1,0,1
2600,0.0,160.0,360.0,1.0,0,0.06151480199923107,2600.0,0,0,1,0,0,0,0,0,1,0,1
1600,20000.0,239.0,360.0,1.0,0,0.011064302578584324,21600.0,1,1,0,1,0,0,1,0,1,1,0
1025,2773.0,112.0,360.0,1.0,1,0.029481442484864437,3798.0,1,1,0,0,0,0,0,0,0,1,0
3246,1417.0,138.0,360.0,1.0,1,0.029588336192109776,4663.0,1,1,0,0,0,0,0,1,0,0,1
5829,0.0,138.0,360.0,1.0,1,0.023670668953687822,5829.0,1,1,0,0,0,0,0,0,0,0,1
2720,0.0,80.0,360.0,0.0,0,0.02940095553105476,2720.0,0,0,0,0,0,1,0,0,1,0,1
1820,1719.0,100.0,360.0,1.0,1,0.02824858757062147,3539.0,1,1,0,0,0,0,0,0,1,1,0
7250,1667.0,110.0,360.0,0.0,0,0.012334604171338866,8917.0,1,1,1,0,0,0,0,0,1,0,0
14880,0.0,96.0,360.0,1.0,1,0.00645117935622606,14880.0,1,1,0,0,0,0,0,1,0,0,0
2666,4300.0,121.0,360.0,1.0,1,0.017367590067460886,6966.0,1,1,0,0,0,0,0,0,0,0,1
4606,0.0,81.0,360.0,1.0,0,0.017581940525287606,4606.0,0,0,1,0,0,1,0,0,0,0,1
5935,0.0,133.0,360.0,1.0,1,0.02240566037735849,5935.0,1,1,0,1,0,0,0,1,0,0,1
2920,16.12000084,87.0,360.0,1.0,1,0.02962085307209732,2936.12000084,1,1,0,0,0,0,0,0,0,0,1
2717,0.0,60.0,180.0,1.0,1,0.02207505518763797,2717.0,1,0,0,0,0,1,0,0,1,0,1
8624,0.0,150.0,360.0,1.0,1,0.017391304347826087,8624.0,0,0,1,0,0,0,1,1,0,0,0
6500,0.0,105.0,360.0,0.0,0,0.016151361329026302,6500.0,1,0,0,0,0,0,0,0,0,0,0
12876,0.0,405.0,360.0,1.0,1,0.03145142502135591,12876.0,1,0,0,0,0,0,0,1,0,0,0
2425,2340.0,143.0,360.0,1.0,1,0.03000419639110365,4765.0,1,1,0,0,0,0,0,1,0,1,0
3750,0.0,100.0,360.0,1.0,1,0.026659557451346308,3750.0,1,0,0,0,0,0,0,0,1,0,1
10047,0.0,128.0,240.0,1.0,1,0.012738853503184714,10047.0,0,1,0,0,0,0,0,1,0,0,0
1926,1851.0,50.0,360.0,1.0,1,0.013234515616728428,3777.0,1,0,0,0,0,0,0,1,0,1,0
2213,1125.0,128.0,360.0,1.0,1,0.03833483078766098,3338.0,1,1,0,0,0,0,0,0,1,1,0
10416,0.0,187.0,360.0,0.0,0,0.01795142555438226,10416.0,1,0,0,0,0,0,1,0,1,0,0
7142,0.0,138.0,360.0,1.0,1,0.019319613607727847,7142.0,0,1,0,0,0,1,1,0,0,0,0
3660,5064.0,187.0,360.0,1.0,1,0.021432664756446992,8724.0,1,0,0,0,0,0,0,1,0,0,1
7901,1833.0,180.0,360.0,1.0,1,0.01848998459167951,9734.0,1,1,0,0,0,0,0,0,0,0,0
4707,1993.0,148.0,360.0,1.0,1,0.022086255782718996,6700.0,1,0,0,0,1,1,0,1,0,0,1
37719,0.0,152.0,360.0,1.0,1,0.004029692470837752,37719.0,1,0,1,0,0,0,0,1,0,0,0
7333,8333.0,175.0,300.0,1.0,1,0.011169975106912618,15666.0,1,1,0,0,0,0,0,0,0,0,0
3466,1210.0,130.0,360.0,1.0,1,0.027795595467179815,4676.0,1,1,1,0,0,0,1,0,0,0,1
4652,0.0,110.0,360.0,1.0,1,0.02364066193853428,4652.0,1,1,0,1,0,1,0,0,0,0,1
3539,1376.0,55.0,360.0,1.0,0,0.011187957689178194,4915.0,1,1,0,0,0,0,0,0,0,0,1
3340,1710.0,150.0,360.0,0.0,0,0.02969708968521085,5050.0,1,1,0,1,0,0,0,0,0,0,1
2769,1542.0,190.0,360.0,1.0,0,0.04406307977736549,4311.0,1,0,1,0,0,1,1,1,0,0,1
2309,1255.0,125.0,360.0,0.0,0,0.03506311360448808,3564.0,1,1,0,1,0,1,0,0,0,1,0
1958,1456.0,60.0,300.0,1.0,1,0.017569546120058566,3414.0,1,1,0,1,0,1,0,0,1,1,0
3948,1733.0,149.0,360.0,0.0,0,0.026223160858852516,5681.0,1,1,0,0,0,0,0,0,0,0,1
2483,2466.0,90.0,180.0,0.0,1,0.01818181818181818,4949.0,1,1,0,0,0,0,0,0,0,1,0
7085,0.0,84.0,360.0,1.0,1,0.011854360711261643,7085.0,1,0,0,0,0,0,1,1,0,0,0
3859,0.0,96.0,360.0,1.0,1,0.024870466321243522,3859.0,1,1,0,1,0,0,0,1,0,0,1
4301,0.0,118.0,360.0,1.0,1,0.027429102742910275,4301.0,1,1,0,0,0,0,0,0,1,0,1
3708,2569.0,173.0,360.0,1.0,0,0.027556546670914304,6277.0,1,1,0,0,0,0,0,0,1,0,1
4354,0.0,136.0,360.0,1.0,1,0.031228473019517797,4354.0,1,0,0,1,0,0,0,0,0,0,1
8334,0.0,160.0,360.0,1.0,0,0.01919616076784643,8334.0,1,1,0,0,0,0,0,1,0,0,0
2083,4083.0,160.0,360.0,1.0,1,0.025944543538187124,6166.0,1,1,0,0,0,0,1,1,0,1,0
7740,0.0,128.0,180.0,1.0,1,0.016535331352538433,7740.0,1,1,0,0,1,0,0,0,1,0,0
3015,2188.0,153.0,360.0,1.0,1,0.029400461183704842,5203.0,1,1,0,0,0,0,0,0,0,0,1
5191,0.0,132.0,360.0,1.0,1,0.025423728813559324,5191.0,0,0,1,0,0,1,0,1,0,0,1
4166,0.0,98.0,360.0,0.0,0,0.02351811855051596,4166.0,1,0,0,0,0,0,0,1,0,0,1
6000,0.0,140.0,360.0,1.0,1,0.023329445092484587,6000.0,1,0,0,0,0,0,0,0,0,0,1
2947,1664.0,70.0,180.0,0.0,0,0.015177797051170859,4611.0,1,1,0,0,1,1,0,0,1,0,1
16692,0.0,110.0,360.0,1.0,1,0.006589588450248607,16692.0,1,1,0,0,0,0,0,1,0,0,0
210,2917.0,98.0,360.0,1.0,1,0.03132992327365729,3127.0,0,1,0,1,0,1,0,1,0,1,0
4333,2451.0,110.0,360.0,1.0,0,0.016212232866617538,6784.0,1,1,0,0,0,0,0,0,1,0,1
3450,2079.0,162.0,360.0,1.0,1,0.029294755877034357,5529.0,1,1,1,0,0,0,1,1,0,0,1
2653,1500.0,113.0,180.0,0.0,0,0.02720269619643717,4153.0,1,1,1,0,0,1,0,0,0,0,1
4691,0.0,100.0,360.0,1.0,1,0.021312872975277068,4691.0,1,1,0,0,1,0,0,1,0,0,1
2500,0.0,93.0,360.0,1.0,1,0.03718512594962015,2500.0,0,0,0,0,0,0,1,0,1,1,0
5532,4648.0,162.0,360.0,1.0,1,0.015911992928003143,10180.0,1,0,0,1,0,0,0,0,0,0,1
16525,1014.0,150.0,360.0,1.0,1,0.00855188141391106,17539.0,1,1,0,1,0,0,1,0,0,0,0
6700,1750.0,230.0,300.0,1.0,1,0.027215714116672583,8450.0,1,1,0,1,0,0,0,1,0,0,0
2873,1872.0,132.0,360.0,0.0,0,0.02781289506953224,4745.0,1,1,0,1,0,0,0,1,0,0,1
16667,2250.0,86.0,360.0,1.0,1,0.004545935088275717,18917.0,1,1,1,0,0,0,1,1,0,0,0
2947,1603.0,128.0,360.0,1.0,0,0.02812568666227203,4550.0,1,1,0,1,0,0,0,0,1,0,1
4350,0.0,154.0,360.0,1.0,1,0.03539416226154907,4350.0,0,0,0,0,0,1,0,0,0,0,1
3095,0.0,113.0,360.0,1.0,1,0.03649870801033592,3095.0,1,1,0,0,1,1,0,0,0,0,1
2083,3150.0,128.0,360.0,1.0,1,0.02445548337791364,5233.0,1,1,0,0,0,0,0,1,0,1,0
10833,0.0,234.0,360.0,1.0,1,0.021598670851024553,10833.0,1,1,0,0,0,0,0,1,0,0,0
8333,0.0,246.0,360.0,1.0,1,0.029517638588912886,8333.0,1,1,0,1,0,0,0,1,0,0,0
1958,2436.0,131.0,360.0,1.0,1,0.029806598407281,4394.0,1,1,1,0,0,1,0,0,0,1,0
3547,0.0,80.0,360.0,0.0,0,0.02254791431792559,3547.0,1,0,0,1,0,0,0,0,0,0,1
18333,0.0,500.0,360.0,1.0,0,0.027271735573251882,18333.0,1,1,1,0,0,0,0,0,1,0,0
4583,2083.0,160.0,360.0,1.0,1,0.023998800059997,6666.0,1,1,0,1,0,0,1,1,0,0,1
2435,0.0,75.0,360.0,1.0,0,0.03078817733990148,2435.0,1,0,0,0,0,0,0,0,1,1,0
2699,2785.0,96.0,360.0,1.0,1,0.017502278942570646,5484.0,1,0,0,0,0,1,0,1,0,0,1
5333,1131.0,186.0,360.0,1.0,1,0.02877030162412993,6464.0,1,1,1,0,0,1,0,0,1,0,1
3691,0.0,110.0,360.0,1.0,1,0.029794149512459372,3691.0,1,0,0,0,0,1,0,0,0,0,1
17263,0.0,225.0,360.0,1.0,1,0.013032900834105653,17263.0,0,0,0,0,0,1,1,1,0,0,0
3597,2157.0,119.0,360.0,0.0,0,0.020677671589921807,5754.0,1,1,0,0,0,0,0,0,0,0,1
3326,913.0,105.0,84.0,1.0,1,0.024764150943396228,4239.0,0,1,1,0,0,0,0,1,0,0,1
2600,1700.0,107.0,360.0,1.0,1,0.02487793536386887,4300.0,1,1,0,0,0,1,0,0,0,0,1
4625,2857.0,111.0,12.0,1.0,1,0.014833622878524655,7482.0,1,1,0,0,0,0,0,0,1,0,1
2895,0.0,95.0,360.0,1.0,1,0.03280386740331492,2895.0,1,1,1,0,0,0,1,1,0,0,1
6283,4416.0,209.0,360.0,0.0,0,0.01953271028037383,10699.0,1,0,0,0,0,0,0,0,0,0,0
645,3683.0,113.0,480.0,1.0,1,0.026103026103026103,4328.0,0,0,0,0,0,0,0,0,0,1,0
3159,0.0,100.0,360.0,1.0,1,0.03164556962025317,3159.0,0,0,0,0,0,0,0,1,0,0,1
4865,5624.0,208.0,360.0,1.0,1,0.01982840800762631,10489.0,1,1,0,1,0,0,0,1,0,0,1
4050,5302.0,138.0,360.0,1.0,0,0.014754624184753555,9352.0,1,1,1,0,0,1,0,0,0,0,1
3814,1483.0,124.0,300.0,1.0,1,0.023405058512646282,5297.0,1,1,0,0,0,1,0,1,0,0,1
3510,4416.0,243.0,360.0,1.0,1,0.03065472435978302,7926.0,1,1,0,1,0,0,0,0,0,0,1
20833,6667.0,480.0,360.0,1.0,1,0.017453910766881204,27500.0,1,1,0,0,0,0,0,0,1,0,0
3583,0.0,96.0,360.0,1.0,0,0.026785714285714284,3583.0,1,0,0,0,0,0,0,0,1,0,1
2479,3013.0,188.0,360.0,1.0,1,0.03422537775350446,5492.0,1,1,0,0,0,0,1,0,1,1,0
13262,0.0,40.0,360.0,1.0,1,0.0030159089195506295,13262.0,0,0,1,0,0,0,0,0,1,0,0
3598,1287.0,100.0,360.0,1.0,0,0.020466639377814164,4885.0,1,0,0,0,0,1,0,0,0,0,1
6065,2004.0,250.0,360.0,1.0,1,0.030978934324659233,8069.0,1,1,1,0,0,0,0,1,0,0,0
3283,2035.0,148.0,360.0,1.0,1,0.027824779093814627,5318.0,1,1,0,1,0,0,0,0,1,0,1
2130,6666.0,70.0,180.0,1.0,0,0.00795725815618961,8796.0,1,1,0,0,0,0,0,1,0,1,0
5815,3666.0,311.0,360.0,1.0,0,0.032798987555368066,9481.0,1,0,0,0,0,0,0,0,0,0,1
3466,3428.0,150.0,360.0,1.0,1,0.021754894851341553,6894.0,1,1,0,0,1,0,0,0,0,0,1
2031,1632.0,113.0,480.0,1.0,1,0.03084061135371179,3663.0,0,1,0,1,0,0,0,1,0,1,0
3074,1800.0,123.0,360.0,0.0,0,0.02523076923076923,4874.0,1,1,0,0,0,1,0,1,0,0,1
4683,1915.0,185.0,360.0,1.0,0,0.028034550689498408,6598.0,1,0,0,0,0,0,0,1,0,0,1
3400,0.0,95.0,360.0,1.0,0,0.027932960893854747,3400.0,0,0,0,0,0,1,0,0,0,0,1
2192,1742.0,45.0,360.0,1.0,1,0.011435832274459974,3934.0,1,1,0,1,0,1,0,1,0,1,0
2500,0.0,55.0,360.0,1.0,1,0.021991203518592562,2500.0,1,0,0,0,0,0,0,1,0,1,0
5677,1424.0,100.0,360.0,1.0,1,0.014080540692762602,7101.0,1,1,0,0,1,0,1,0,0,0,1
7948,7166.0,480.0,360.0,1.0,1,0.03175653324512074,15114.0,1,1,0,1,0,0,1,0,0,0,0
4680,2087.0,128.0,360.0,1.0,0,0.018912529550827423,6767.0,1,0,0,0,0,0,0,1,0,0,1
17500,0.0,400.0,360.0,1.0,1,0.02285583680932518,17500.0,1,1,0,1,0,0,1,0,0,0,0
3775,0.0,110.0,360.0,1.0,1,0.02913135593220339,3775.0,1,1,0,0,0,0,0,1,0,0,1
5285,1430.0,161.0,360.0,0.0,1,0.023972602739726026,6715.0,1,1,1,0,0,1,0,1,0,0,1
2679,1302.0,94.0,360.0,1.0,1,0.023606228026117528,3981.0,1,0,1,0,0,1,0,1,0,0,1
6783,0.0,130.0,360.0,1.0,1,0.019162735849056603,6783.0,1,0,0,0,0,1,0,1,0,0,0
1025,5500.0,216.0,360.0,1.0,1,0.0330983757278578,6525.0,1,1,0,0,0,0,0,0,0,1,0
4281,0.0,100.0,360.0,1.0,1,0.023353573096683792,4281.0,1,1,0,0,1,0,0,0,1,0,1
3588,0.0,110.0,360.0,0.0,0,0.030649205906937867,3588.0,1,0,0,1,0,0,0,0,0,0,1
11250,0.0,196.0,360.0,1.0,0,0.017420673717891744,11250.0,1,0,1,0,0,0,0,1,0,0,0
18165,0.0,125.0,360.0,1.0,1,0.00688098645821865,18165.0,0,0,0,0,0,1,1,0,1,0,0
2550,2042.0,126.0,360.0,1.0,1,0.027433050293925537,4592.0,1,0,0,0,0,1,0,0,0,0,1
6133,3906.0,324.0,360.0,1.0,1,0.03227091633466136,10039.0,1,1,0,0,0,0,0,0,1,0,0
3617,0.0,107.0,360.0,1.0,1,0.02957435046987286,3617.0,1,0,0,1,0,0,0,1,0,0,1
2917,536.0,66.0,360.0,1.0,0,0.01910828025477707,3453.0,1,1,0,0,0,1,0,0,0,0,1
6417,0.0,157.0,180.0,1.0,1,0.024462449361171704,6417.0,1,1,0,0,1,0,0,0,0,0,0
4608,2845.0,140.0,180.0,1.0,1,0.018781862087469816,7453.0,0,1,1,0,0,0,0,1,0,0,1
2138,0.0,99.0,360.0,0.0,0,0.04628330995792426,2138.0,0,0,0,0,0,0,0,1,0,1,0
3652,0.0,95.0,360.0,1.0,1,0.026006022447303587,3652.0,0,0,1,0,0,0,0,1,0,0,1
2239,2524.0,128.0,360.0,1.0,1,0.02686817800167926,4763.0,1,1,1,0,0,1,0,0,1,1,0
3017,663.0,102.0,360.0,1.0,1,0.027709861450692746,3680.0,0,1,0,0,0,1,0,1,0,0,1
2768,1950.0,155.0,360.0,1.0,1,0.03284594193685103,4718.0,1,1,0,0,0,0,0,0,0,0,1
3358,0.0,80.0,36.0,1.0,0,0.023816612086930634,3358.0,1,0,0,0,0,1,0,1,0,0,1
2526,1783.0,145.0,360.0,1.0,1,0.033642691415313224,4309.0,1,0,0,0,0,0,0,0,0,0,1
5000,0.0,103.0,360.0,0.0,0,0.020595880823835233,5000.0,0,0,0,0,0,0,0,1,0,0,1
2785,2016.0,110.0,360.0,1.0,1,0.022907122032486463,4801.0,1,1,0,0,0,0,0,0,0,0,1
6633,0.0,128.0,360.0,0.0,0,0.01929454326198372,6633.0,1,1,0,1,0,0,1,0,0,0,0
2492,2375.0,128.0,360.0,1.0,1,0.02629416598192276,4867.0,1,1,1,0,0,1,0,0,0,1,0
3333,3250.0,158.0,360.0,1.0,1,0.02399756986634265,6583.0,1,1,1,0,0,0,0,0,1,0,1
2454,2333.0,181.0,360.0,0.0,0,0.03780284043441938,4787.0,1,1,0,0,0,1,0,0,1,1,0
3593,4266.0,132.0,180.0,0.0,0,0.016793893129770993,7859.0,1,1,0,0,0,0,0,0,0,0,1
5468,1032.0,26.0,360.0,1.0,1,0.003999384710044608,6500.0,1,1,1,0,0,0,0,1,0,0,1
2667,1625.0,84.0,360.0,1.0,1,0.019566736547868623,4292.0,0,0,0,0,0,0,0,0,1,0,1
10139,0.0,260.0,360.0,1.0,1,0.02564102564102564,10139.0,1,1,0,0,1,0,1,1,0,0,0
3887,2669.0,162.0,360.0,1.0,1,0.024706420619185602,6556.0,1,1,0,0,0,0,0,1,0,0,1
4180,2306.0,182.0,360.0,1.0,1,0.028056112224448898,6486.0,0,1,0,0,0,0,0,1,0,0,1
3675,242.0,108.0,360.0,1.0,1,0.027565084226646247,3917.0,1,1,0,1,0,1,0,1,0,0,1
19484,0.0,600.0,360.0,1.0,1,0.030792917628945343,19484.0,0,1,1,0,0,0,1,1,0,0,0
5923,2054.0,211.0,360.0,1.0,1,0.026447731260967663,7977.0,1,1,0,0,0,0,0,0,0,0,1
5800,0.0,132.0,360.0,1.0,1,0.022754697465954144,5800.0,1,0,0,0,0,1,1,1,0,0,1
8799,0.0,258.0,360.0,0.0,0,0.02931818181818182,8799.0,1,1,0,1,0,0,0,0,1,0,0
4467,0.0,120.0,360.0,1.0,1,0.02685765443151298,4467.0,1,1,0,0,0,1,0,0,0,0,1
3333,0.0,70.0,360.0,1.0,1,0.020995800839832032,3333.0,1,0,0,0,0,0,0,0,1,0,1
3400,2500.0,123.0,360.0,0.0,0,0.020843924758515507,5900.0,1,1,0,0,1,0,0,0,0,0,1
2378,0.0,9.0,360.0,1.0,0,0.0037831021437578815,2378.0,0,0,0,0,0,0,0,0,1,1,0
3166,2064.0,104.0,360.0,0.0,0,0.019881475817243355,5230.0,1,1,0,0,0,0,0,0,1,0,1
3417,1750.0,186.0,360.0,1.0,1,0.035990712074303405,5167.0,1,1,1,0,0,0,0,0,1,0,1
5116,1451.0,165.0,360.0,0.0,0,0.025121802679658953,6567.0,1,1,0,0,0,0,0,0,1,0,1
16666,0.0,275.0,360.0,1.0,1,0.016499670006599867,16666.0,1,1,0,1,0,0,0,0,1,0,0
6125,1625.0,187.0,480.0,1.0,0,0.024125919236227585,7750.0,1,1,0,1,0,1,0,1,0,0,0
6406,0.0,150.0,360.0,1.0,0,0.023411893241766818,6406.0,1,1,0,0,1,0,0,1,0,0,0
3159,461.0,108.0,84.0,1.0,1,0.029826014913007456,3620.0,1,1,0,1,0,0,0,0,1,0,1
3087,2210.0,136.0,360.0,0.0,0,0.025670064175160438,5297.0,1,1,0,0,0,0,0,1,0,0,1
3229,2739.0,110.0,360.0,1.0,1,0.018428547495392862,5968.0,1,0,0,0,0,0,0,0,1,0,1
1782,2232.0,107.0,360.0,1.0,1,0.026650062266500622,4014.0,1,1,1,0,0,0,0,0,0,1,0
3182,2917.0,161.0,360.0,1.0,1,0.02639344262295082,6099.0,1,0,0,0,0,0,0,0,1,0,1
6540,0.0,205.0,360.0,1.0,1,0.0313407735820211,6540.0,1,1,0,1,0,0,0,1,0,0,0
1836,33837.0,90.0,360.0,1.0,0,0.0025228457700285922,35673.0,1,0,0,0,0,0,0,0,1,1,0
3166,0.0,36.0,360.0,1.0,1,0.011367224502683928,3166.0,0,1,0,0,0,0,0,1,0,0,1
1880,0.0,61.0,360.0,1.0,0,0.03242955874534822,1880.0,1,1,1,0,0,0,0,0,0,1,0
2787,1917.0,146.0,360.0,0.0,0,0.031030818278427207,4704.0,1,1,1,0,0,0,0,0,0,0,1
4283,3000.0,172.0,84.0,1.0,0,0.023613399231191653,7283.0,1,1,1,0,0,0,0,0,0,0,1
2297,1522.0,104.0,360.0,1.0,1,0.027225130890052355,3819.0,1,1,0,0,0,0,0,0,1,1,0
2165,0.0,70.0,360.0,1.0,1,0.032317636195752536,2165.0,0,0,0,0,0,1,0,1,0,1,0
4750,0.0,94.0,360.0,1.0,1,0.01978530835613555,4750.0,1,0,0,0,0,0,0,1,0,0,1
2726,0.0,106.0,360.0,0.0,0,0.03887055372203887,2726.0,1,1,0,1,0,0,1,1,0,0,1
3000,3416.0,56.0,180.0,1.0,1,0.008726819386005922,6416.0,1,1,0,0,0,0,0,1,0,0,1
6000,0.0,205.0,240.0,1.0,0,0.03416097317113814,6000.0,1,1,0,1,0,0,1,1,0,0,1
9357,0.0,292.0,360.0,1.0,1,0.031203248557384055,9357.0,1,0,0,0,1,0,1,1,0,0,0
3859,3300.0,142.0,180.0,1.0,1,0.01983240223463687,7159.0,1,1,0,0,0,0,0,0,0,0,1
16120,0.0,260.0,360.0,1.0,1,0.016128031759816388,16120.0,1,1,0,0,0,0,1,0,1,0,0
3833,0.0,110.0,360.0,1.0,1,0.028690662493479395,3833.0,1,0,0,0,0,1,0,0,0,0,1
6383,1000.0,187.0,360.0,1.0,0,0.025325027085590465,7383.0,1,1,0,1,0,1,1,0,0,0,0
2987,0.0,88.0,360.0,0.0,0,0.029451137884872823,2987.0,1,0,0,0,0,0,0,1,0,0,1
9963,0.0,180.0,360.0,1.0,1,0.018065034122842234,9963.0,1,1,0,0,0,0,1,0,0,0,0
5780,0.0,192.0,360.0,1.0,1,0.03321224701608718,5780.0,1,1,0,1,0,0,0,0,1,0,1
416,41667.0,350.0,180.0,1.0,0,0.0083166999334664,42083.0,0,0,0,0,1,0,0,0,1,1,0
2894,2792.0,155.0,360.0,1.0,1,0.027255143309301916,5686.0,1,1,0,0,0,1,0,0,0,0,1
5703,0.0,128.0,360.0,1.0,1,0.02244039270687237,5703.0,1,1,0,0,1,0,0,0,1,0,1
3676,4301.0,172.0,360.0,1.0,1,0.021559288042115817,7977.0,1,0,0,0,0,0,0,0,0,0,1
12000,0.0,496.0,360.0,1.0,1,0.04132988917590201,12000.0,0,1,1,0,0,0,0,1,0,0,0
2400,3800.0,128.0,180.0,1.0,0,0.02064183196258668,6200.0,1,1,0,0,0,1,0,0,1,1,0
3400,2500.0,173.0,360.0,1.0,1,0.029317064904253516,5900.0,1,1,1,0,0,0,0,1,0,0,1
3987,1411.0,157.0,360.0,1.0,1,0.029079459159103538,5398.0,1,1,0,1,0,1,0,0,0,0,1
3232,1950.0,108.0,360.0,1.0,1,0.020837352884429866,5182.0,1,1,0,0,0,0,0,0,0,0,1
2900,0.0,71.0,360.0,1.0,1,0.024474319200275766,2900.0,0,0,0,0,0,0,0,0,0,0,1
4106,0.0,40.0,180.0,1.0,1,0.009739469198928659,4106.0,1,1,0,0,1,0,0,0,0,0,1
8072,240.0,253.0,360.0,1.0,1,0.030434259593407915,8312.0,1,1,1,0,0,0,0,0,1,0,0
7583,0.0,187.0,360.0,1.0,1,0.02465717299578059,7583.0,1,1,0,1,0,0,0,0,1,0,0
4583,0.0,133.0,360.0,0.0,0,0.029013961605584643,4583.0,0,0,0,0,0,0,1,1,0,0,1
